file,id,rotate
ambassador.png,khan-ambassador,
ambassador_not.png,khan-ambassador-marked,
business.png,khan-business,
business_not.png,khan-business-marked,
captain_trait.png,khan-captain-trait,
captain_trait_not.png,khan-captain-trait-marked,
cloak.png,khan-cloak,
cloak_not.png,khan-cloak-marked,
creature.png,khan-creature,
creature_not.png,khan-creature-marked,
different_trait_than_opponent.png,khan-different-trait-than-opponent,
different_trait_than_opponent_not.png,khan-different-trait-than-opponent-marked,
doctor.png,khan-doctor,
doctor_not.png,khan-doctor-marked,
engineer.png,khan-engineer,
engineer_not.png,khan-engineer-marked,
scientist.png,khan-scientist,
scientist_not.png,khan-scientist-marked,
spy.png,khan-spy,
spy_not.png,khan-spy-marked,
synthetic.png,khan-synthetic,
synthetic_not.png,khan-synthetic-marked,
telepath.png,khan-telepath,
telepath_not.png,khan-telepath-marked,
