file,id,rotate
borg_probe_front.png,ship-2shi01,
borg_probe_back.png,ship-2shi01-back,
class_c_shuttlecraft_front.png,ship-2geo14,
class_c_shuttlecraft_back.png,ship-2geo14-back,
dkora_maurauder_front.png,ship-2shi02,
dkora_maurauder_back.png,ship-2shi02-back,
dkyr_cruiser_front.png,ship-2shi03,
dkyr_cruiser_back.png,ship-2shi03-back,
dvar_front.png,ship-2shi04,
dvar_back.png,ship-2shi04-back,
gomtuu_front.png,ship-2enc02,
gomtuu_back.png,ship-2enc02-back,
harpy_front.png,ship-2reb07,
harpy_back.png,ship-2reb07-back,
hijacked_uss_reliant_front.png,ship-2kha04,
hijacked_uss_reliant_back.png,ship-2kha04-back,
hms_bounty_front.png,ship-2kirk11,
hms_bounty_back.png,ship-2kirk11-back,
holographic_drone_ship_front.png,ship-2shi05,
holographic_drone_ship_back.png,ship-2shi05-back,
jackabogs_clumpship_front.png,ship-2reb06,
jackabogs_clumpship_back.png,ship-2reb06-back,
kazon_raider_front.png,ship-2shi06,
kazon_raider_back.png,ship-2shi06-back,
medusan_vessal_front.png,ship-2shi07,
medusan_vessal_back.png,ship-2shi07-back,
mondor_front.png,ship-2reb02,
mondor_back.png,ship-2reb02-back,
nx_01_enterprise_front.png,ship-2arc03,
nx_01_enterprise_back.png,ship-2arc03-back,
paklet_freighter_front.png,ship-2shi08,
paklet_freighter_back.png,ship-2shi08-back,
seleya_dkyr_front.png,ship-2sov10,
seleya_dkyr_back.png,ship-2sov10-back,
shuttlepot_1_front.png,ship-2arc18,
shuttlepot_1_back.png,ship-2arc18-back,
ss_botony_bay_front.png,ship-2kha16,
ss_botony_bay_back.png,ship-2kha16-back,
the_clumpship_pakled_front.png,ship-2reb11,
the_clumpship_pakled_back.png,ship-2reb11-back,
timur_front.png,ship-2sov24,
timur_back.png,ship-2sov24-back,
uss_enterprise_a_front.png,ship-2kirk05,
uss_enterprise_a_back.png,ship-2kirk05-back,
uss_enterprise_c_front.png,ship-2shi09,
uss_enterprise_c_back.png,ship-2shi09-back,
uss_enterprise_refit_front.png,ship-2kirk02,
uss_enterprise_refit_back.png,ship-2kirk02-back,
uss_excelsior_front.png,ship-2kirk06,
uss_excelsior_back.png,ship-2kirk06-back,
uss_pasteur_front.png,ship-2shi10,
uss_pasteur_back.png,ship-2shi10-back,
uss_shenzhou_front.png,ship-2geo02,
uss_shenzhou_back.png,ship-2geo02-back,
vorcha_attack_cruiser_front.png,ship-2shi11,
vorcha_attack_cruiser_back.png,ship-2shi11-back,
xindi_aquatic_cruiser_front.png,ship-2shi12,
xindi_aquatic_cruiser_back.png,ship-2shi12-back,
xindi_reptillian_battleship_front.png,ship-2shi13,
xindi_reptillian_battleship_back.png,ship-2shi13-back,
